That theory does make a lot of sense,My opting to get a lot of factors,-21.840126037597656,-36.09412431716919,-35.3712363243103,-26.56165313720703,-48.40177917480469
The law already had a remedy for this,The team rates had a refuge of years,-28.009674072265625,-43.394514083862305,-42.418052673339844,-34.41551208496094,-62.42518615722656
Have an offer for full price as well,Compare an apology are fighting significantly as long,-36.799320220947266,-48.86774444580078,-48.85923385620117,-37.01046371459961,-73.80978393554688
But the village he lives in will starve,When the justices probably hosts that photons Campeche,-53.81571960449219,-57.04703450202942,-57.01660394668579,-42.600685119628906,-96.4164047241211
Maybe we should be able to throw those,What I can be able to insult lanes,-19.997955322265625,-37.32650375366211,-37.30625295639038,-34.335289001464844,-54.33324432373047
Needed to do some extra serious science today,Halo to do some homework lasting civil gas,-40.60187530517578,-56.544922828674316,-56.11639904975891,-46.428985595703125,-87.0308609008789
Unite them with hip hop or some shit,Brezhnev polled of Moses cream plenty of duty,-66.28949737548828,-62.53153705596924,-62.26602029800415,-50.58924102783203,-116.87873840332031
I think points play a factor as well,He was severely wholly immediately really it possible,-37.504051208496094,-44.408074378967285,-44.33003902435303,-36.47438049316406,-73.97843170166016
I am verbally brutal most of the time,I love objections psilocybin consisted of the conflict,-51.28131866455078,-58.214966773986816,-57.84349036216736,-34.48853302001953,-85.76985168457031
The oils themselves are not necessarily the problem,The weirdest nurse are not less a question,-27.436363220214844,-43.880661964416504,-43.77803897857666,-37.65397644042969,-65.09033966064453
