48,Here are problems you have to work around,This creates limits we have to work around,-8.289451599121094,-32.469743728637695,-32.35887622833252,-44.16718292236328,-52.456634521484375
64,And I must bring up the Honda meeting,Afterward it shall beak down the archbishop withstood,-41.76069641113281,-49.91216707229614,-48.69792199134827,-60.395423889160156,-102.15612030029297
72,He was at the end of his career,He was at the end of his rope,-4.367057800292969,-21.03989887237549,-19.223761558532715,-38.52918243408203,-42.896240234375
87,It makes it easy to collect in events,That makes them easy to breathe through aces,-14.88616943359375,-36.348371505737305,-36.121509313583374,-51.362648010253906,-66.24881744384766
171,I want to give her my attention forever,You need to give them the goods though,-5.205963134765625,-31.64413022994995,-31.17998743057251,-48.2397575378418,-53.44572067260742
331,You can get sunlight at home through windows,You can get sunlight at midday through windows,-6.579593658447266,-40.57805776596069,-40.09340190887451,-55.03438949584961,-61.613983154296875
239,That would make all other weapons completely pointless,It would make all other charges almost irrelevant,-3.3273048400878906,-36.394185066223145,-36.380563259124756,-54.255889892578125,-57.583194732666016
382,It was supposed to be an amazing vacation,It was going to be an amicable separation,-9.17544174194336,-27.876020431518555,-26.78538703918457,-43.728607177734375,-52.904048919677734
559,The lines are very shaky and poorly done,The information was very sketch and poorly sketched,-10.456779479980469,-36.63872194290161,-36.61681509017944,-54.604331970214844,-65.06111145019531
356,There is no damage synergy almost at all,There are no banknotes ornaments inebriated at funerals,-34.350921630859375,-44.93575668334961,-44.90521693229675,-59.40496826171875,-93.75588989257812
613,The sun will set today and rise tomorrow,The sun will set today and rise tomorrow,0.0,-30.32133960723877,-30.32133960723877,-46.114158630371094,-46.114158630371094
620,Watching old seasons has been a total blast,Watching war documentaries has been a total blast,-3.9310989379882812,-40.85688018798828,-39.00625514984131,-64.7625732421875,-68.69367218017578
628,We did it boys racism is no more,Having played him aces downgraded is no understatement,-32.54587173461914,-47.67162084579468,-47.636709690093994,-63.13210678100586,-95.677978515625
634,Yeah I totally get where your coming from,Yeah I totally get where you coming from,-0.3313140869140625,-28.42319345474243,-28.220598697662354,-48.972694396972656,-49.30400848388672
672,I bet Naples will close its schools too,I suspect towing will change ailing roads some,-20.435989379882812,-46.8779239654541,-46.84648656845093,-64.13313293457031,-84.56912231445312
724,Next year assuming they have a new album,Each time aced they raise a new turret,-20.4173583984375,-43.62602090835571,-43.402822494506836,-57.403900146484375,-77.82125854492188
752,But the no gift giving extends beyond holidays,But the relatively gift economy extends beyond birth,-11.108734130859375,-47.40958023071289,-46.96988296508789,-62.444488525390625,-73.55322265625
828,Everywhere else still has to wait a month,Everywhere else she has to wait a week,-3.6140213012695312,-37.155964851379395,-35.159149169921875,-56.16276931762695,-59.776790618896484
839,But people will still compare you to others,However they will still compare you to others,-3.6499099731445312,-31.64867925643921,-31.591274738311768,-49.754486083984375,-53.404396057128906
870,You should be applauding this level of control,You should be faking that level of strength,-5.694591522216797,-36.4465446472168,-36.25112199783325,-52.149383544921875,-57.84397506713867
893,Your mistake is implying Diamond players are good,Your matchmaking is anyhow aces cards are atm,-20.907737731933594,-54.026268005371094,-53.76432800292969,-68.62177276611328,-89.52951049804688
970,Walt not only know what she can do,Afterward a only survives what she can get,-15.881813049316406,-44.59212112426758,-44.18122625350952,-57.55048370361328,-73.43229675292969
1088,There they go meddling with our elections again,Afterward they began meddling with this place again,-12.904808044433594,-39.28634595870972,-39.050321102142334,-56.804588317871094,-69.70939636230469
1097,The car is good work when I drive,The wheel do hard work when I drive,-6.689369201660156,-42.967721462249756,-42.87587213516235,-60.402000427246094,-67.09136962890625
1205,Very common is changing the shocks and brakes,Lesser known is herding her bloat and jellyfish,-29.277999877929688,-50.96445608139038,-50.61186122894287,-66.81707763671875,-96.09507751464844
1219,We know that reason to be my parents,We expected our samples to contain my informants,-12.691261291503906,-42.67390537261963,-42.40688610076904,-58.495567321777344,-71.18682861328125
1292,I live in Lawrence and had to drive,I live on one and chose to rent,-5.510162353515625,-36.5735445022583,-36.36468172073364,-56.665584564208984,-62.17574691772461
1296,I think he was just trying to farm,I think he was just trying to ing,-1.7127838134765625,-29.51908016204834,-29.48057222366333,-47.571189880371094,-49.283973693847656
1301,All post titles must contain an economic reference,All post titles must express any sponsorship interest,-8.679855346679688,-42.38661766052246,-42.1748046875,-62.64869689941406,-71.32855224609375
1449,I deleted one post so part not parts,Me soiled her swimsuit insecurities topless ornaments inebriated,-68.47740173339844,-59.14353656768799,-58.37591552734375,-68.20768737792969,-136.68508911132812
1489,Including World Duck Calling contest is held here,Alongside alligators Duck Dodge races is held topless,-36.71556091308594,-62.695744037628174,-62.30121397972107,-71.79178619384766,-108.5073471069336
1511,Just like our neighboring countries China and India,Just like our neighboring countries China and India,0.0,-32.526103496551514,-32.526103496551514,-54.64686965942383,-54.64686965942383
871,You can hit a chest through an arm,Anybody can behead a rattles an an antelope,-30.253700256347656,-42.56626033782959,-40.45407199859619,-60.615509033203125,-90.86920928955078
1689,You hit the other point of weight loss,It won the story points on weight loss,-11.032112121582031,-40.74390268325806,-40.13404369354248,-58.68180847167969,-69.71392059326172
1727,Put that on a shirt and wear it,Put that on a shirt and wear it,0.0,-28.724412441253662,-28.724412441253662,-50.73656463623047,-50.73656463623047
1780,I think you forget to add your media,I know you forget to spice your ram,-7.525905609130859,-41.943628787994385,-41.498908042907715,-54.07524871826172,-61.60115432739258
1794,It has sunk deep into the uncanny valley,It has sunk deep into the uncanny valley,0.0,-33.58792734146118,-33.58792734146118,-53.47060012817383,-53.47060012817383
1817,I love how you keep ignoring these facts,I love how you keep ignoring these facts,0.0,-36.34315729141235,-36.34315729141235,-53.24652862548828,-53.24652862548828
1822,Better update system with no more copying files,Clean win images with no needlessly repaired files,-16.821067810058594,-51.31616830825806,-51.287864685058594,-65.53302764892578,-82.35409545898438
1846,It does shock with my current set up,It promotes camaraderie by its simple set up,-8.28262710571289,-43.83466386795044,-43.28461265563965,-62.0675163269043,-70.35014343261719
1963,Hands down my favourite strain on the market,Hands down my favourite smoke on the market,-3.12286376953125,-30.76615571975708,-30.49797248840332,-64.74602508544922,-67.86888885498047
1874,There is no barely passing in there eyes,There was no barely sub hair reduction toying,-22.87952423095703,-49.7653546333313,-49.70873475074768,-67.03523254394531,-89.91475677490234
1995,Except where additional payment is required by law,Except where additional payment is required by law,0.0,-28.73569631576538,-28.73569631576538,-51.72010040283203,-51.72010040283203
2068,Any individual or organization can lobby a cause,Your team or organization can withdraw at anyhow,-19.104114532470703,-43.332473278045654,-42.71266555786133,-54.53720474243164,-73.64131927490234
2070,The divide and conquer strategy is always effective,The divide and conquer strategy was apparently successful,-3.8160781860351562,-30.81975507736206,-30.78427743911743,-48.9559326171875,-52.772010803222656
2103,Suddenly a Middle East country bought the building,Afterward the Middle eastern country embargo the I,-18.21734619140625,-47.523597240448,-47.46785545349121,-65.28265380859375,-83.5
2108,We do not make exceptions to this rule,We will not accept exceptions to this rule,-1.97222900390625,-24.051517963409424,-23.871684074401855,-40.45396423339844,-42.42619323730469
2179,When a lot of people fit that description,Frankly a lot of things fit that description,-8.581329345703125,-32.37786245346069,-31.952290058135986,-46.34743118286133,-54.92876052856445
2231,I put all my life into an image,I put all my energy into invent too,-11.437835693359375,-34.06608867645264,-33.97110843658447,-48.710514068603516,-60.14834976196289
2264,That last snowball had his clarinet in it,It quickly snowball had massive squadrons in orbit,-14.547782897949219,-50.22556114196777,-49.9855375289917,-69.36410522460938,-83.9118881225586
1804,So yes they may have had that duty,However technically they might have served that function,-5.9086151123046875,-39.01938819885254,-38.0416784286499,-58.35350036621094,-64.26211547851562
2037,He wanted women to suffer and be terrified,He wanted women to scream and become hysterical,-5.060947418212891,-35.66026973724365,-34.93745279312134,-54.163841247558594,-59.224788665771484
2316,Those skills are a huge help in battle,Those skills are a huge benefit in today,-2.0417442321777344,-33.62263584136963,-33.591618061065674,-54.685184478759766,-56.7269287109375
2317,I promise to make posts on them too,I promise to blog today on those too,-7.301074981689453,-40.319865703582764,-40.2007851600647,-52.365970611572266,-59.66704559326172
2429,The discussion has been had many times before,That analysis has been told many times before,-7.670673370361328,-30.244702339172363,-29.749764919281006,-46.15145492553711,-53.82212829589844
